                  epoch,         train/box_loss,         train/cls_loss,         train/dfl_loss,   metrics/precision(B),      metrics/recall(B),       metrics/mAP50(B),    metrics/mAP50-95(B),           val/box_loss,           val/cls_loss,           val/dfl_loss,                 lr/pg0,                 lr/pg1,                 lr/pg2
                      1,                 1.1081,                 3.0126,                 1.4858,                0.00415,                0.66667,                0.14162,                0.07834,                 1.0852,                 3.3486,                 1.4894,              3.334e-05,              3.334e-05,              3.334e-05
                      2,                 1.0101,                 2.9836,                 1.4237,                0.00415,                0.66667,                0.20056,                0.13139,                0.93503,                   3.29,                 1.3729,             8.0599e-05,             8.0599e-05,             8.0599e-05
                      3,                0.85695,                 2.8318,                 1.3057,                0.00415,                0.66667,                0.49847,                0.43998,                0.92681,                  3.317,                 1.3797,             0.00012456,             0.00012456,             0.00012456
                      4,                0.79777,                 2.4399,                 1.2831,                0.00422,                0.66667,                0.49836,                0.41513,                0.90018,                 3.2624,                 1.3476,             0.00016522,             0.00016522,             0.00016522
                      5,                0.80785,                   1.99,                 1.3062,                0.00424,                0.66667,                0.41584,                0.39054,                 1.0331,                 3.1697,                 1.3896,             0.00020257,             0.00020257,             0.00020257
                      6,                0.63063,                 1.4656,                 1.1813,                0.00439,                0.66667,                0.45701,                0.36952,                 1.0839,                 3.1818,                 1.4486,             0.00023663,             0.00023663,             0.00023663
